<?xml version="1.0" encoding="UTF-8"?>
<!DOCTYPE generatorConfiguration
		PUBLIC "-//mybatis.org//DTD MyBatis Generator Configuration 1.0//EN"
		"http://mybatis.org/dtd/mybatis-generator-config_1_0.dtd">
<generatorConfiguration>

	<properties resource="dmm.properties"/>
	<!-- 1	连接mysql驱动包所在位置 -->
	<classPathEntry location="${jdbc.driver}" />

	<context id="db2tables" targetRuntime="MyBatis3">

		<commentGenerator>
			<!--2	是否去除自动生成的注释 true是,false否-->
			<property name="suppressAllComments" value="true" />
			<property name="suppressDate" value="true"/>
		</commentGenerator>

		<!-- 3	数据库连接信息，驱动类、连接地址、用户名、密码 -->
		<jdbcConnection driverClass="com.mysql.jdbc.Driver"
			connectionURL="${jdbc.url}" userId="${jdbc.name}"
			password="${jdbc.passwd}">
		</jdbcConnection>
		<!-- 3.1	Orcal
		<jdbcConnection driverClass="oracle.jdbc.OracleDriver"-->
						<!--connectionURL="jdbc:oracle:thin:@localhost:1521:orcl" userId="scott"-->
						<!--password="tigger">-->
		<!--</jdbcConnection>-->

		<!--4	如果选择的是false,意味着，当遇到mysql中数据类型为numberic的时候，逆向工程生成的属性类型为Integer-->
		<!--默认false,把JDBC DECIMAL和NUMBERIC类型解析为Integer-->
		<!--为true时,把JDBC DECIMAL和NUMBERIC类型解析为java.math.BigDecimal-->

		<javaTypeResolver>
			<property name="forceBigDecimals" value="false" />
		</javaTypeResolver>

		
		<!-- 5	生成POJO类 -->
		<javaModelGenerator targetPackage="tbcloud.admin.pojo" targetProject="src/main/java/">
			<!--是否让schema作为包的后缀-->
			<property name="enableSubPackages" value="false" />
			<!--去除前后空格-->
			<property name="trimStrings" value="true" />
		</javaModelGenerator>


		<!-- 6	生成mapper的xml`文件 -->
		<sqlMapGenerator targetPackage="tbcloud.admin.dao" targetProject="src/main/java/">
			<!--同上-->
			<property name="enableSubPackages" value="false" />
		</sqlMapGenerator>

		
		<!-- 7	生成mapper接口 -->
		<javaClientGenerator type="XMLMAPPER"
			targetPackage="tbcloud.admin.dao" targetProject="src/main/java/">
			<!--同上-->
			<property name="enableSubPackages" value="false" />
		</javaClientGenerator>


		<!--自定义根据表名生成的类名-->
		<!--设为false表示不生成Example-->

		<!--<table schema="mybatis" tableName="node_info" domainObjectName="NodeInfo"-->
		<!--enableCountByExample="${enable.example}" enableUpdateByExample="${enable.example}"-->
		<!--enableDeleteByExample="${enable.example}" enableSelectByExample="${enable.example}"-->
		<!--selectByExampleQueryId="${enable.example}"/>-->

		<table schema="mybatis" tableName="user" domainObjectName="User"
			   enableCountByExample="${enable.example}" enableUpdateByExample="${enable.example}"
			   enableDeleteByExample="${enable.example}" enableSelectByExample="${enable.example}"
			   selectByExampleQueryId="${enable.example}"/>


</context>

</generatorConfiguration>